Career,Students
Operations Analyst,19706
Risk Analyst,7694
Data Scientist,4339
Credit Analyst,3273
Graphic Designer,2212
Data Engineer,2115
Teacher,965
Renewable Energy Analyst,943
Data Analyst,660
Tax Consultant,660
Accountant,490
Product Designer,416
Social Media Manager,343
Financial Analyst,304
Machine Learning Engineer,213
Research Analyst,194
Cybersecurity Analyst,148
Instructional Designer,117
SEO Specialist,81
Operations Manager,35
QA Engineer,30
Lab Analyst,16
HR Analyst,13
Digital Marketing Specialist,9
AI Engineer,8
Business Analyst,6
Education Content Developer,5
Project Manager,4
Medical Research Assistant,1
